"","effectname","beta","percentage_increase_or_decrease_on_treatment","real.effect.value","pval","ci.lb","ci.ub","I2_total","I2_study","I2_Study_Experiment","I2_Study_Experiment_Duration","I2_Effect_ID","I2_Species","I2_Phylogeny","R2_marginal_fixed","R2_conditional_fixed_random","Moderator_significance_stat","Moderator_significance_pval","AIC"
"intrcpt","intrcpt",0.126637697927626,13.5005728352941,1.13500572835294,0.401953032021425,-0.169501167965758,0.42277656382101,14.9819072943015,3.70964146360762,0.0818597316334888,0.0818597317971112,3.69819847080436,4.19895350938912,3.21139438706981,0,75.3155696523967,0.702475817848117,0.401953032021426,5305.48696193666
