"","effectname","beta","percentage_increase_or_decrease_on_treatment","real.effect.value","pval","ci.lb","ci.ub","I2_total","I2_study","I2_Study_Experiment","I2_Study_Experiment_Duration","I2_Effect_ID","I2_Species","I2_Phylogeny","R2_marginal_fixed","R2_conditional_fixed_random","Moderator_significance_stat","Moderator_significance_pval","AIC"
"intrcpt","intrcpt",-4.99172230700858,-99.3206046863253,0.00679395313674736,0.963723943717726,-220.105783247516,210.122338633499,79.5684132776352,45.2527936313013,0.926170844872419,0.926171258553191,23.6554610503183,3.96403597716811,4.84378051542192,0.0191894673018833,70.2759917923327,0.00244840134344441,0.960535720910576,4094.89590207911
"Year","Year",0.00270335686694384,0.270701423109654,1.0027070142311,0.960535720910576,-0.104377087960896,0.109783801694783,79.5684132776352,45.2527936313013,0.926170844872419,0.926171258553191,23.6554610503183,3.96403597716811,4.84378051542192,0.0191894673018833,70.2759917923327,0.00244840134344441,0.960535720910576,4094.89590207911
