"","effectname","beta","percentage_increase_or_decrease_on_treatment","real.effect.value","pval","ci.lb","ci.ub","I2_total","I2_study","I2_Study_Experiment","I2_Study_Experiment_Duration","I2_Effect_ID","I2_Species","I2_Phylogeny","R2_marginal_fixed","R2_conditional_fixed_random","Moderator_significance_stat","Moderator_significance_pval","AIC"
"intrcpt","intrcpt",0.431114725942699,53.8972099854188,1.53897209985419,0.244547317153263,-0.294993716749298,1.1572231686347,77.4848307127568,39.6263040249854,1.02799769203406,1.02799769158094,26.0937501747032,4.35867549843757,5.35010563101565,0,66.3240534506231,1.35418788592116,0.244547317153263,4099.81082281389
