"","effectname","beta","percentage_increase_or_decrease_on_Treatment","real.effect.value","pval","ci.lb","ci.ub","I2_total","I2_study","I2_Effect_ID","I2_Species","I2_Phylogeny","R2_marginal_fixed","R2_conditional_fixed_random","Moderator_significance_stat","Moderator_significance_pval","AIC"
"ParameterAbundance","ParameterAbundance",0.0236128454376924,2.38938359757661,1.02389383597577,0.949622748078674,-0.70889645991786,0.756122150793245,20.2608454589403,9.67156441853181,3.43985463549854,4.05563054316133,3.0937958617486,3.21309491526412,83.5676707180857,1.26633816565117,0.530906645086969,5297.75363475583
"ParameterPercentageCover","ParameterPercentageCover",0.218120847780124,24.3737361436729,1.24373736143673,0.263507472691,-0.164218792684327,0.600460488244575,20.2608454589403,9.67156441853181,3.43985463549854,4.05563054316133,3.0937958617486,3.21309491526412,83.5676707180857,1.26633816565117,0.530906645086969,5297.75363475583
