"","effectname","beta","se","percentage_increase_or_decrease_on_Treatment","real.effect.value","pval","ci.lb","ci.ub","I2_total","I2_study","I2_Effect_ID","I2_Species","I2_Phylogeny","R2_marginal_fixed","R2_conditional_fixed_random","Moderator_significance_stat","Moderator_significance_pval","AIC"
"ParameterAbundance","ParameterAbundance",-0.0457370692702208,0.509291208396645,-4.47068949140513,0.955293105085949,0.928441905973851,-1.04392949537053,0.952455356830087,35.3387659907427,15.6547738984138,0.0000577832811976663,0.0000577832811361843,2.19348863095878,7.84015789114346,94.2796088027044,2.5395657726883,0.28089260077791,1384.50130234416
"ParameterPercentageCover","ParameterPercentageCover",0.450009072439807,0.30142451634595,56.8326413972615,1.56832641397261,0.1354525850615,-0.140772123655659,1.04079026853527,35.3387659907427,15.6547738984138,0.0000577832811976663,0.0000577832811361843,2.19348863095878,7.84015789114346,94.2796088027044,2.5395657726883,0.28089260077791,1384.50130234416
