"","effectname","beta","se","percentage_increase_or_decrease_on_treatment","real.effect.value","pval","ci.lb","ci.ub","I2_total","I2_study","I2_Study_Experiment","I2_Study_Experiment_Duration","I2_Effect_ID","I2_Species","I2_Phylogeny","R2_marginal_fixed","R2_conditional_fixed_random","Moderator_significance_stat","Moderator_significance_pval","AIC"
"intrcpt","intrcpt",0.356636341567367,0.28401768014131,42.8516283390994,1.42851628339099,0.209230709457071,-0.200028082482219,0.913300765616952,34.0359798388531,13.9346159460162,0.000176222163868815,0.000176222164060945,2.25097526308146,5.18115316317951,12.668883022248,0,93.3864831459563,1.57674129007981,0.209230709457071,1388.18944149211
